{"weight":{"accuweather":0.1982316938,"openmeteo":0.5981343242,"tomorrowapi":0.203633982}}