{"weight":{"accuweather":0.2909370235,"openmeteo":0.6113771844,"tomorrowapi":0.0976857921}}